"test, platform","weekday","average"
"('v8_7', 'OSX64')","Monday","27155.698"
"('v8_7', 'OSX64')","Tuesday","72003.066"
"('v8_7', 'OSX64')","Friday","23148.810"
"('v8_7', 'OSX64')","Wednesday","15828.462"
"('v8_7', 'OSX64')","Thursday","14200.804"
"('v8_7', 'OSX64')","Sunday","30115.324"
"('v8_7', 'OSX64')","Saturday","21278.490"
"('v8_7', 'Win8')","Monday","30102.120"
"('v8_7', 'Win8')","Tuesday","194590.550"
"('v8_7', 'Win8')","Friday","27853.411"
"('v8_7', 'Win8')","Wednesday","27598.387"
"('v8_7', 'Win8')","Thursday","35037.796"
"('v8_7', 'Win8')","Sunday","21373.438"
"('v8_7', 'Win8')","Saturday","18189.996"
"('v8_7', 'Win7')","Monday","58687.732"
"('v8_7', 'Win7')","Tuesday","207233.887"
"('v8_7', 'Win7')","Friday","54533.851"
"('v8_7', 'Win7')","Wednesday","65025.620"
"('v8_7', 'Win7')","Thursday","64753.154"
"('v8_7', 'Win7')","Sunday","60964.501"
"('v8_7', 'Win7')","Saturday","82207.195"
"('v8_7', 'Linux64')","Monday","15244.621"
"('v8_7', 'Linux64')","Tuesday","95780.821"
"('v8_7', 'Linux64')","Friday","15125.775"
"('v8_7', 'Linux64')","Wednesday","17655.138"
"('v8_7', 'Linux64')","Thursday","23741.284"
"('v8_7', 'Linux64')","Sunday","9314.487"
"('v8_7', 'Linux64')","Saturday","13912.393"
"('v8_7', 'OSX10.8')","Monday","182464.998"
"('v8_7', 'OSX10.8')","Tuesday","341347.633"
"('v8_7', 'OSX10.8')","Friday","164773.679"
"('v8_7', 'OSX10.8')","Wednesday","101736.917"
"('v8_7', 'OSX10.8')","Thursday","85453.317"
"('v8_7', 'OSX10.8')","Sunday","45497.865"
"('v8_7', 'OSX10.8')","Saturday","25303.178"
"('v8_7', 'Linux')","Monday","24666.485"
"('v8_7', 'Linux')","Tuesday","115721.574"
"('v8_7', 'Linux')","Friday","26590.375"
"('v8_7', 'Linux')","Wednesday","26191.492"
"('v8_7', 'Linux')","Thursday","29159.072"
"('v8_7', 'Linux')","Sunday","18499.865"
"('v8_7', 'Linux')","Saturday","19804.502"
"('tpaint', 'OSX64')","Monday","34.085"
"('tpaint', 'OSX64')","Tuesday","57.138"
"('tpaint', 'OSX64')","Friday","20.690"
"('tpaint', 'OSX64')","Wednesday","22.618"
"('tpaint', 'OSX64')","Thursday","28.974"
"('tpaint', 'OSX64')","Sunday","16.799"
"('tpaint', 'OSX64')","Saturday","36.724"
"('tpaint', 'Win8')","Monday","6.618"
"('tpaint', 'Win8')","Tuesday","6.931"
"('tpaint', 'Win8')","Friday","5.505"
"('tpaint', 'Win8')","Wednesday","7.714"
"('tpaint', 'Win8')","Thursday","6.466"
"('tpaint', 'Win8')","Sunday","4.861"
"('tpaint', 'Win8')","Saturday","4.705"
"('tpaint', 'WinXP')","Monday","24.470"
"('tpaint', 'WinXP')","Tuesday","21.464"
"('tpaint', 'WinXP')","Friday","13.742"
"('tpaint', 'WinXP')","Wednesday","31.204"
"('tpaint', 'WinXP')","Thursday","15.878"
"('tpaint', 'WinXP')","Sunday","7.267"
"('tpaint', 'WinXP')","Saturday","6.595"
"('tpaint', 'Win7')","Monday","14.621"
"('tpaint', 'Win7')","Tuesday","12.518"
"('tpaint', 'Win7')","Friday","12.267"
"('tpaint', 'Win7')","Wednesday","14.996"
"('tpaint', 'Win7')","Thursday","14.566"
"('tpaint', 'Win7')","Sunday","10.401"
"('tpaint', 'Win7')","Saturday","14.403"
"('tpaint', 'Linux64')","Monday","33.286"
"('tpaint', 'Linux64')","Tuesday","31.687"
"('tpaint', 'Linux64')","Friday","34.852"
"('tpaint', 'Linux64')","Wednesday","34.857"
"('tpaint', 'Linux64')","Thursday","39.114"
"('tpaint', 'Linux64')","Sunday","19.807"
"('tpaint', 'Linux64')","Saturday","27.148"
"('tpaint', 'OSX10.8')","Monday","49.058"
"('tpaint', 'OSX10.8')","Tuesday","286.714"
"('tpaint', 'OSX10.8')","Friday","50.759"
"('tpaint', 'OSX10.8')","Wednesday","53.148"
"('tpaint', 'OSX10.8')","Thursday","130.841"
"('tpaint', 'OSX10.8')","Sunday","38.852"
"('tpaint', 'OSX10.8')","Saturday","57.657"
"('tpaint', 'Linux')","Monday","45.644"
"('tpaint', 'Linux')","Tuesday","43.330"
"('tpaint', 'Linux')","Friday","43.425"
"('tpaint', 'Linux')","Wednesday","43.668"
"('tpaint', 'Linux')","Thursday","44.453"
"('tpaint', 'Linux')","Sunday","25.772"
"('tpaint', 'Linux')","Saturday","20.564"
"('remote-tsvgx', 'OSX64')","Monday","118.925"
"('remote-tsvgx', 'OSX64')","Tuesday","160.415"
"('remote-tsvgx', 'OSX64')","Friday","359.528"
"('remote-tsvgx', 'OSX64')","Wednesday","176.965"
"('remote-tsvgx', 'OSX64')","Thursday","240.313"
"('remote-tsvgx', 'OSX64')","Sunday","75.660"
"('remote-tsvgx', 'OSX64')","Saturday","166.461"
"('remote-tsvgx', 'Win8')","Monday","43.653"
"('remote-tsvgx', 'Win8')","Tuesday","440.561"
"('remote-tsvgx', 'Win8')","Friday","89.382"
"('remote-tsvgx', 'Win8')","Wednesday","46.335"
"('remote-tsvgx', 'Win8')","Thursday","49.154"
"('remote-tsvgx', 'Win8')","Sunday","38.911"
"('remote-tsvgx', 'Win8')","Saturday","37.521"
"('remote-tsvgx', 'WinXP')","Monday","395.438"
"('remote-tsvgx', 'WinXP')","Tuesday","553.022"
"('remote-tsvgx', 'WinXP')","Friday","583.372"
"('remote-tsvgx', 'WinXP')","Wednesday","566.301"
"('remote-tsvgx', 'WinXP')","Thursday","445.013"
"('remote-tsvgx', 'WinXP')","Sunday","475.957"
"('remote-tsvgx', 'WinXP')","Saturday","548.764"
"('remote-tsvgx', 'Win7')","Monday","37.868"
"('remote-tsvgx', 'Win7')","Tuesday","43.251"
"('remote-tsvgx', 'Win7')","Friday","33.835"
"('remote-tsvgx', 'Win7')","Wednesday","39.873"
"('remote-tsvgx', 'Win7')","Thursday","34.838"
"('remote-tsvgx', 'Win7')","Sunday","44.351"
"('remote-tsvgx', 'Win7')","Saturday","47.188"
"('remote-tsvgx', 'Linux64')","Monday","51.847"
"('remote-tsvgx', 'Linux64')","Tuesday","51.318"
"('remote-tsvgx', 'Linux64')","Friday","48.849"
"('remote-tsvgx', 'Linux64')","Wednesday","21.139"
"('remote-tsvgx', 'Linux64')","Thursday","68.175"
"('remote-tsvgx', 'Linux64')","Sunday","14.986"
"('remote-tsvgx', 'Linux64')","Saturday","78.657"
"('remote-tsvgx', 'OSX10.8')","Monday","368.822"
"('remote-tsvgx', 'OSX10.8')","Tuesday","1042.617"
"('remote-tsvgx', 'OSX10.8')","Friday","43697.288"
"('remote-tsvgx', 'OSX10.8')","Wednesday","208.429"
"('remote-tsvgx', 'OSX10.8')","Thursday","276.487"
"('remote-tsvgx', 'OSX10.8')","Sunday","240.267"
"('remote-tsvgx', 'OSX10.8')","Saturday","289.543"
"('remote-tsvgx', 'Linux')","Monday","33.172"
"('remote-tsvgx', 'Linux')","Tuesday","81.523"
"('remote-tsvgx', 'Linux')","Friday","34.370"
"('remote-tsvgx', 'Linux')","Wednesday","28.517"
"('remote-tsvgx', 'Linux')","Thursday","55.202"
"('remote-tsvgx', 'Linux')","Sunday","34.484"
"('remote-tsvgx', 'Linux')","Saturday","26.804"
"('remote-tsvgx', 'Android')","Monday","42330.038"
"('remote-tsvgx', 'Android')","Tuesday","23581.080"
"('remote-tsvgx', 'Android')","Friday","40459.402"
"('remote-tsvgx', 'Android')","Wednesday","21649.961"
"('remote-tsvgx', 'Android')","Thursday","28009.840"
"('remote-tsvgx', 'Android')","Sunday","33115.865"
"('remote-tsvgx', 'Android')","Saturday","10710.014"
"('remote-troboprovider', 'Android')","Monday","2068.192"
"('remote-troboprovider', 'Android')","Tuesday","2136.543"
"('remote-troboprovider', 'Android')","Friday","2371.837"
"('remote-troboprovider', 'Android')","Wednesday","2222.786"
"('remote-troboprovider', 'Android')","Thursday","2168.390"
"('remote-troboprovider', 'Android')","Sunday","1801.797"
"('remote-troboprovider', 'Android')","Saturday","1858.245"
"('remote-trobocheck2', 'Android')","Monday","5.474"
"('remote-trobocheck2', 'Android')","Tuesday","6.635"
"('remote-trobocheck2', 'Android')","Friday","38.580"
"('remote-trobocheck2', 'Android')","Wednesday","4.956"
"('remote-trobocheck2', 'Android')","Thursday","27.701"
"('remote-trobocheck2', 'Android')","Sunday","2.530"
"('remote-trobocheck2', 'Android')","Saturday","3.020"
"('sessionrestore_no_auto_restore', 'OSX64')","Monday","208.590"
"('sessionrestore_no_auto_restore', 'OSX64')","Tuesday","8102.292"
"('sessionrestore_no_auto_restore', 'OSX64')","Friday","102.337"
"('sessionrestore_no_auto_restore', 'OSX64')","Wednesday","94.955"
"('sessionrestore_no_auto_restore', 'OSX64')","Thursday","176.573"
"('sessionrestore_no_auto_restore', 'OSX64')","Sunday","76.783"
"('sessionrestore_no_auto_restore', 'OSX64')","Saturday","77.621"
"('sessionrestore_no_auto_restore', 'Win8')","Monday","198.025"
"('sessionrestore_no_auto_restore', 'Win8')","Tuesday","4964.953"
"('sessionrestore_no_auto_restore', 'Win8')","Friday","164.151"
"('sessionrestore_no_auto_restore', 'Win8')","Wednesday","197.907"
"('sessionrestore_no_auto_restore', 'Win8')","Thursday","128.194"
"('sessionrestore_no_auto_restore', 'Win8')","Sunday","124.173"
"('sessionrestore_no_auto_restore', 'Win8')","Saturday","173.924"
"('sessionrestore_no_auto_restore', 'WinXP')","Monday","202.921"
"('sessionrestore_no_auto_restore', 'WinXP')","Tuesday","4264.903"
"('sessionrestore_no_auto_restore', 'WinXP')","Friday","28.955"
"('sessionrestore_no_auto_restore', 'WinXP')","Wednesday","234.477"
"('sessionrestore_no_auto_restore', 'WinXP')","Thursday","44.678"
"('sessionrestore_no_auto_restore', 'WinXP')","Sunday","31.448"
"('sessionrestore_no_auto_restore', 'WinXP')","Saturday","20.248"
"('sessionrestore_no_auto_restore', 'Win7')","Monday","180.222"
"('sessionrestore_no_auto_restore', 'Win7')","Tuesday","5066.049"
"('sessionrestore_no_auto_restore', 'Win7')","Friday","156.370"
"('sessionrestore_no_auto_restore', 'Win7')","Wednesday","148.212"
"('sessionrestore_no_auto_restore', 'Win7')","Thursday","179.800"
"('sessionrestore_no_auto_restore', 'Win7')","Sunday","87.934"
"('sessionrestore_no_auto_restore', 'Win7')","Saturday","172.158"
"('sessionrestore_no_auto_restore', 'Linux64')","Monday","173.995"
"('sessionrestore_no_auto_restore', 'Linux64')","Tuesday","4873.805"
"('sessionrestore_no_auto_restore', 'Linux64')","Friday","144.303"
"('sessionrestore_no_auto_restore', 'Linux64')","Wednesday","169.550"
"('sessionrestore_no_auto_restore', 'Linux64')","Thursday","138.185"
"('sessionrestore_no_auto_restore', 'Linux64')","Sunday","109.321"
"('sessionrestore_no_auto_restore', 'Linux64')","Saturday","96.469"
"('sessionrestore_no_auto_restore', 'OSX10.8')","Monday","960.108"
"('sessionrestore_no_auto_restore', 'OSX10.8')","Tuesday","4630.561"
"('sessionrestore_no_auto_restore', 'OSX10.8')","Friday","798.641"
"('sessionrestore_no_auto_restore', 'OSX10.8')","Wednesday","1080.201"
"('sessionrestore_no_auto_restore', 'OSX10.8')","Thursday","1268.633"
"('sessionrestore_no_auto_restore', 'OSX10.8')","Sunday","242.992"
"('sessionrestore_no_auto_restore', 'OSX10.8')","Saturday","392.095"
"('sessionrestore_no_auto_restore', 'Linux')","Monday","215.287"
"('sessionrestore_no_auto_restore', 'Linux')","Tuesday","4587.763"
"('sessionrestore_no_auto_restore', 'Linux')","Friday","167.935"
"('sessionrestore_no_auto_restore', 'Linux')","Wednesday","191.884"
"('sessionrestore_no_auto_restore', 'Linux')","Thursday","178.226"
"('sessionrestore_no_auto_restore', 'Linux')","Sunday","124.719"
"('sessionrestore_no_auto_restore', 'Linux')","Saturday","103.057"
"('media_tests', 'Linux64')","Monday","0.163"
"('media_tests', 'Linux64')","Tuesday","0.144"
"('media_tests', 'Linux64')","Friday","0.143"
"('media_tests', 'Linux64')","Wednesday","0.075"
"('media_tests', 'Linux64')","Thursday","0.088"
"('media_tests', 'Linux64')","Sunday","0.155"
"('media_tests', 'Linux64')","Saturday","0.057"
"('ts_paint', 'OSX64')","Monday","474.290"
"('ts_paint', 'OSX64')","Tuesday","544.701"
"('ts_paint', 'OSX64')","Friday","316.318"
"('ts_paint', 'OSX64')","Wednesday","216.024"
"('ts_paint', 'OSX64')","Thursday","317.351"
"('ts_paint', 'OSX64')","Sunday","221.284"
"('ts_paint', 'OSX64')","Saturday","365.247"
"('ts_paint', 'Win8')","Monday","566.584"
"('ts_paint', 'Win8')","Tuesday","699.062"
"('ts_paint', 'Win8')","Friday","677.168"
"('ts_paint', 'Win8')","Wednesday","743.885"
"('ts_paint', 'Win8')","Thursday","431.394"
"('ts_paint', 'Win8')","Sunday","333.080"
"('ts_paint', 'Win8')","Saturday","8262.616"
"('ts_paint', 'WinXP')","Monday","3125.168"
"('ts_paint', 'WinXP')","Tuesday","364.309"
"('ts_paint', 'WinXP')","Friday","263.829"
"('ts_paint', 'WinXP')","Wednesday","768.475"
"('ts_paint', 'WinXP')","Thursday","280.041"
"('ts_paint', 'WinXP')","Sunday","69.910"
"('ts_paint', 'WinXP')","Saturday","94.315"
"('ts_paint', 'Win7')","Monday","184.737"
"('ts_paint', 'Win7')","Tuesday","405.533"
"('ts_paint', 'Win7')","Friday","234.295"
"('ts_paint', 'Win7')","Wednesday","172.920"
"('ts_paint', 'Win7')","Thursday","147.551"
"('ts_paint', 'Win7')","Sunday","118.441"
"('ts_paint', 'Win7')","Saturday","272.681"
"('ts_paint', 'Linux64')","Monday","642.894"
"('ts_paint', 'Linux64')","Tuesday","1097.345"
"('ts_paint', 'Linux64')","Friday","716.676"
"('ts_paint', 'Linux64')","Wednesday","757.950"
"('ts_paint', 'Linux64')","Thursday","1221.588"
"('ts_paint', 'Linux64')","Sunday","530.769"
"('ts_paint', 'Linux64')","Saturday","1561.725"
"('ts_paint', 'OSX10.8')","Monday","6212.411"
"('ts_paint', 'OSX10.8')","Tuesday","9639.255"
"('ts_paint', 'OSX10.8')","Friday","5231.546"
"('ts_paint', 'OSX10.8')","Wednesday","7056.268"
"('ts_paint', 'OSX10.8')","Thursday","8083.488"
"('ts_paint', 'OSX10.8')","Sunday","1670.012"
"('ts_paint', 'OSX10.8')","Saturday","1607.049"
"('ts_paint', 'Linux')","Monday","411.749"
"('ts_paint', 'Linux')","Tuesday","1244.768"
"('ts_paint', 'Linux')","Friday","446.196"
"('ts_paint', 'Linux')","Wednesday","416.171"
"('ts_paint', 'Linux')","Thursday","407.653"
"('ts_paint', 'Linux')","Sunday","390.195"
"('ts_paint', 'Linux')","Saturday","514.380"
"('ts_paint', 'Android')","Monday","4010.421"
"('ts_paint', 'Android')","Tuesday","110177.393"
"('ts_paint', 'Android')","Friday","4252.710"
"('ts_paint', 'Android')","Wednesday","43191.483"
"('ts_paint', 'Android')","Thursday","8436.843"
"('ts_paint', 'Android')","Sunday","3183.607"
"('ts_paint', 'Android')","Saturday","2653.783"
"('tsvgr_opacity', 'OSX64')","Monday","22.710"
"('tsvgr_opacity', 'OSX64')","Tuesday","1145.318"
"('tsvgr_opacity', 'OSX64')","Friday","110.313"
"('tsvgr_opacity', 'OSX64')","Wednesday","3188.998"
"('tsvgr_opacity', 'OSX64')","Thursday","1042.770"
"('tsvgr_opacity', 'OSX64')","Sunday","27.856"
"('tsvgr_opacity', 'OSX64')","Saturday","147.263"
"('tsvgr_opacity', 'Win8')","Monday","5.529"
"('tsvgr_opacity', 'Win8')","Tuesday","172.247"
"('tsvgr_opacity', 'Win8')","Friday","6.979"
"('tsvgr_opacity', 'Win8')","Wednesday","38.516"
"('tsvgr_opacity', 'Win8')","Thursday","62.936"
"('tsvgr_opacity', 'Win8')","Sunday","7.370"
"('tsvgr_opacity', 'Win8')","Saturday","3.861"
"('tsvgr_opacity', 'WinXP')","Monday","39.071"
"('tsvgr_opacity', 'WinXP')","Tuesday","859.619"
"('tsvgr_opacity', 'WinXP')","Friday","172.612"
"('tsvgr_opacity', 'WinXP')","Wednesday","1218.548"
"('tsvgr_opacity', 'WinXP')","Thursday","835.205"
"('tsvgr_opacity', 'WinXP')","Sunday","221.659"
"('tsvgr_opacity', 'WinXP')","Saturday","230.524"
"('tsvgr_opacity', 'Win7')","Monday","18.847"
"('tsvgr_opacity', 'Win7')","Tuesday","64.863"
"('tsvgr_opacity', 'Win7')","Friday","19.194"
"('tsvgr_opacity', 'Win7')","Wednesday","202.312"
"('tsvgr_opacity', 'Win7')","Thursday","142.286"
"('tsvgr_opacity', 'Win7')","Sunday","24.383"
"('tsvgr_opacity', 'Win7')","Saturday","17.822"
"('tsvgr_opacity', 'Linux64')","Monday","876.032"
"('tsvgr_opacity', 'Linux64')","Tuesday","813.625"
"('tsvgr_opacity', 'Linux64')","Friday","562.561"
"('tsvgr_opacity', 'Linux64')","Wednesday","736.821"
"('tsvgr_opacity', 'Linux64')","Thursday","816.465"
"('tsvgr_opacity', 'Linux64')","Sunday","501.192"
"('tsvgr_opacity', 'Linux64')","Saturday","733.315"
"('tsvgr_opacity', 'OSX10.8')","Monday","178.079"
"('tsvgr_opacity', 'OSX10.8')","Tuesday","614.219"
"('tsvgr_opacity', 'OSX10.8')","Friday","123.298"
"('tsvgr_opacity', 'OSX10.8')","Wednesday","1093.582"
"('tsvgr_opacity', 'OSX10.8')","Thursday","393.523"
"('tsvgr_opacity', 'OSX10.8')","Sunday","39.444"
"('tsvgr_opacity', 'OSX10.8')","Saturday","141.322"
"('tsvgr_opacity', 'Linux')","Monday","636.934"
"('tsvgr_opacity', 'Linux')","Tuesday","587.893"
"('tsvgr_opacity', 'Linux')","Friday","451.168"
"('tsvgr_opacity', 'Linux')","Wednesday","742.890"
"('tsvgr_opacity', 'Linux')","Thursday","814.578"
"('tsvgr_opacity', 'Linux')","Sunday","468.252"
"('tsvgr_opacity', 'Linux')","Saturday","638.046"
"('tresize', 'OSX64')","Monday","0.263"
"('tresize', 'OSX64')","Tuesday","38.943"
"('tresize', 'OSX64')","Friday","0.742"
"('tresize', 'OSX64')","Wednesday","0.468"
"('tresize', 'OSX64')","Thursday","0.161"
"('tresize', 'OSX64')","Sunday","0.175"
"('tresize', 'OSX64')","Saturday","0.163"
"('tresize', 'Win8')","Monday","0.161"
"('tresize', 'Win8')","Tuesday","0.170"
"('tresize', 'Win8')","Friday","0.079"
"('tresize', 'Win8')","Wednesday","0.199"
"('tresize', 'Win8')","Thursday","0.017"
"('tresize', 'Win8')","Sunday","0.118"
"('tresize', 'Win8')","Saturday","0.013"
"('tresize', 'WinXP')","Monday","0.074"
"('tresize', 'WinXP')","Tuesday","0.227"
"('tresize', 'WinXP')","Friday","0.588"
"('tresize', 'WinXP')","Wednesday","0.215"
"('tresize', 'WinXP')","Thursday","0.097"
"('tresize', 'WinXP')","Sunday","0.058"
"('tresize', 'WinXP')","Saturday","0.064"
"('tresize', 'Win7')","Monday","0.420"
"('tresize', 'Win7')","Tuesday","0.223"
"('tresize', 'Win7')","Friday","0.167"
"('tresize', 'Win7')","Wednesday","0.231"
"('tresize', 'Win7')","Thursday","0.053"
"('tresize', 'Win7')","Sunday","0.306"
"('tresize', 'Win7')","Saturday","0.089"
"('tresize', 'Linux64')","Monday","0.485"
"('tresize', 'Linux64')","Tuesday","0.723"
"('tresize', 'Linux64')","Friday","9.559"
"('tresize', 'Linux64')","Wednesday","0.630"
"('tresize', 'Linux64')","Thursday","5.903"
"('tresize', 'Linux64')","Sunday","0.117"
"('tresize', 'Linux64')","Saturday","0.224"
"('tresize', 'OSX10.8')","Monday","1.085"
"('tresize', 'OSX10.8')","Tuesday","45.694"
"('tresize', 'OSX10.8')","Friday","0.790"
"('tresize', 'OSX10.8')","Wednesday","1.615"
"('tresize', 'OSX10.8')","Thursday","44.144"
"('tresize', 'OSX10.8')","Sunday","0.333"
"('tresize', 'OSX10.8')","Saturday","0.312"
"('tresize', 'Linux')","Monday","1.332"
"('tresize', 'Linux')","Tuesday","11.451"
"('tresize', 'Linux')","Friday","1.528"
"('tresize', 'Linux')","Wednesday","1.503"
"('tresize', 'Linux')","Thursday","1.306"
"('tresize', 'Linux')","Sunday","0.582"
"('tresize', 'Linux')","Saturday","0.667"
"('dromaeo_dom', 'OSX64')","Monday","248.528"
"('dromaeo_dom', 'OSX64')","Tuesday","471.864"
"('dromaeo_dom', 'OSX64')","Friday","188.598"
"('dromaeo_dom', 'OSX64')","Wednesday","164.779"
"('dromaeo_dom', 'OSX64')","Thursday","140.222"
"('dromaeo_dom', 'OSX64')","Sunday","305.209"
"('dromaeo_dom', 'OSX64')","Saturday","180.970"
"('dromaeo_dom', 'Win8')","Monday","359.851"
"('dromaeo_dom', 'Win8')","Tuesday","904.082"
"('dromaeo_dom', 'Win8')","Friday","370.320"
"('dromaeo_dom', 'Win8')","Wednesday","315.893"
"('dromaeo_dom', 'Win8')","Thursday","495.533"
"('dromaeo_dom', 'Win8')","Sunday","213.075"
"('dromaeo_dom', 'Win8')","Saturday","255.963"
"('dromaeo_dom', 'Win7')","Monday","414.504"
"('dromaeo_dom', 'Win7')","Tuesday","925.276"
"('dromaeo_dom', 'Win7')","Friday","421.480"
"('dromaeo_dom', 'Win7')","Wednesday","418.772"
"('dromaeo_dom', 'Win7')","Thursday","512.179"
"('dromaeo_dom', 'Win7')","Sunday","388.819"
"('dromaeo_dom', 'Win7')","Saturday","408.263"
"('dromaeo_dom', 'Linux64')","Monday","340.492"
"('dromaeo_dom', 'Linux64')","Tuesday","570.342"
"('dromaeo_dom', 'Linux64')","Friday","326.538"
"('dromaeo_dom', 'Linux64')","Wednesday","332.508"
"('dromaeo_dom', 'Linux64')","Thursday","327.190"
"('dromaeo_dom', 'Linux64')","Sunday","217.410"
"('dromaeo_dom', 'Linux64')","Saturday","237.857"
"('dromaeo_dom', 'OSX10.8')","Monday","929.344"
"('dromaeo_dom', 'OSX10.8')","Tuesday","1798.162"
"('dromaeo_dom', 'OSX10.8')","Friday","864.330"
"('dromaeo_dom', 'OSX10.8')","Wednesday","893.316"
"('dromaeo_dom', 'OSX10.8')","Thursday","709.683"
"('dromaeo_dom', 'OSX10.8')","Sunday","198.032"
"('dromaeo_dom', 'OSX10.8')","Saturday","251.634"
"('dromaeo_dom', 'Linux')","Monday","182.742"
"('dromaeo_dom', 'Linux')","Tuesday","445.869"
"('dromaeo_dom', 'Linux')","Friday","213.295"
"('dromaeo_dom', 'Linux')","Wednesday","240.035"
"('dromaeo_dom', 'Linux')","Thursday","222.827"
"('dromaeo_dom', 'Linux')","Sunday","170.316"
"('dromaeo_dom', 'Linux')","Saturday","151.950"
"('a11yr', 'OSX64')","Monday","39.915"
"('a11yr', 'OSX64')","Tuesday","27.329"
"('a11yr', 'OSX64')","Friday","6.631"
"('a11yr', 'OSX64')","Wednesday","6.089"
"('a11yr', 'OSX64')","Thursday","21.775"
"('a11yr', 'OSX64')","Sunday","4.822"
"('a11yr', 'OSX64')","Saturday","45.339"
"('a11yr', 'Win8')","Monday","11.072"
"('a11yr', 'Win8')","Tuesday","12.690"
"('a11yr', 'Win8')","Friday","12.255"
"('a11yr', 'Win8')","Wednesday","12.358"
"('a11yr', 'Win8')","Thursday","20.750"
"('a11yr', 'Win8')","Sunday","9.647"
"('a11yr', 'Win8')","Saturday","8.865"
"('a11yr', 'WinXP')","Monday","213.001"
"('a11yr', 'WinXP')","Tuesday","207.766"
"('a11yr', 'WinXP')","Friday","177.490"
"('a11yr', 'WinXP')","Wednesday","248.901"
"('a11yr', 'WinXP')","Thursday","172.986"
"('a11yr', 'WinXP')","Sunday","44.871"
"('a11yr', 'WinXP')","Saturday","65.048"
"('a11yr', 'Win7')","Monday","21.903"
"('a11yr', 'Win7')","Tuesday","26.248"
"('a11yr', 'Win7')","Friday","26.353"
"('a11yr', 'Win7')","Wednesday","23.879"
"('a11yr', 'Win7')","Thursday","35.385"
"('a11yr', 'Win7')","Sunday","18.000"
"('a11yr', 'Win7')","Saturday","33.059"
"('a11yr', 'Linux64')","Monday","8.394"
"('a11yr', 'Linux64')","Tuesday","9.126"
"('a11yr', 'Linux64')","Friday","7.171"
"('a11yr', 'Linux64')","Wednesday","7.089"
"('a11yr', 'Linux64')","Thursday","6.562"
"('a11yr', 'Linux64')","Sunday","4.804"
"('a11yr', 'Linux64')","Saturday","4.353"
"('a11yr', 'OSX10.8')","Monday","85.784"
"('a11yr', 'OSX10.8')","Tuesday","671.678"
"('a11yr', 'OSX10.8')","Friday","89.457"
"('a11yr', 'OSX10.8')","Wednesday","179.634"
"('a11yr', 'OSX10.8')","Thursday","264.384"
"('a11yr', 'OSX10.8')","Sunday","26.198"
"('a11yr', 'OSX10.8')","Saturday","403.910"
"('a11yr', 'Linux')","Monday","7.819"
"('a11yr', 'Linux')","Tuesday","10.284"
"('a11yr', 'Linux')","Friday","8.753"
"('a11yr', 'Linux')","Wednesday","8.860"
"('a11yr', 'Linux')","Thursday","8.493"
"('a11yr', 'Linux')","Sunday","5.256"
"('a11yr', 'Linux')","Saturday","6.021"
"('tp5o', 'OSX64')","Monday","57.540"
"('tp5o', 'OSX64')","Tuesday","33.486"
"('tp5o', 'OSX64')","Friday","23.665"
"('tp5o', 'OSX64')","Wednesday","24.544"
"('tp5o', 'OSX64')","Thursday","424.411"
"('tp5o', 'OSX64')","Sunday","4.812"
"('tp5o', 'OSX64')","Saturday","10.052"
"('tp5o', 'Win8')","Monday","18.494"
"('tp5o', 'Win8')","Tuesday","25.668"
"('tp5o', 'Win8')","Friday","6.985"
"('tp5o', 'Win8')","Wednesday","8.567"
"('tp5o', 'Win8')","Thursday","11.151"
"('tp5o', 'Win8')","Sunday","5.627"
"('tp5o', 'Win8')","Saturday","5.143"
"('tp5o', 'WinXP')","Monday","84.737"
"('tp5o', 'WinXP')","Tuesday","57.863"
"('tp5o', 'WinXP')","Friday","40.016"
"('tp5o', 'WinXP')","Wednesday","64.785"
"('tp5o', 'WinXP')","Thursday","47.249"
"('tp5o', 'WinXP')","Sunday","86.230"
"('tp5o', 'WinXP')","Saturday","14.629"
"('tp5o', 'Win7')","Monday","27.210"
"('tp5o', 'Win7')","Tuesday","41.540"
"('tp5o', 'Win7')","Friday","17.855"
"('tp5o', 'Win7')","Wednesday","20.573"
"('tp5o', 'Win7')","Thursday","21.161"
"('tp5o', 'Win7')","Sunday","20.508"
"('tp5o', 'Win7')","Saturday","16.369"
"('tp5o', 'Linux64')","Monday","21.585"
"('tp5o', 'Linux64')","Tuesday","16.671"
"('tp5o', 'Linux64')","Friday","7.431"
"('tp5o', 'Linux64')","Wednesday","13.427"
"('tp5o', 'Linux64')","Thursday","328.436"
"('tp5o', 'Linux64')","Sunday","4.549"
"('tp5o', 'Linux64')","Saturday","6.536"
"('tp5o', 'OSX10.8')","Monday","93.639"
"('tp5o', 'OSX10.8')","Tuesday","106.742"
"('tp5o', 'OSX10.8')","Friday","234.109"
"('tp5o', 'OSX10.8')","Wednesday","86.683"
"('tp5o', 'OSX10.8')","Thursday","411.784"
"('tp5o', 'OSX10.8')","Sunday","179.310"
"('tp5o', 'OSX10.8')","Saturday","59.548"
"('tp5o', 'Linux')","Monday","24.791"
"('tp5o', 'Linux')","Tuesday","18.641"
"('tp5o', 'Linux')","Friday","9.565"
"('tp5o', 'Linux')","Wednesday","18.570"
"('tp5o', 'Linux')","Thursday","459.256"
"('tp5o', 'Linux')","Sunday","7.782"
"('tp5o', 'Linux')","Saturday","6.925"
"('tart', 'OSX64')","Monday","0.083"
"('tart', 'OSX64')","Tuesday","0.214"
"('tart', 'OSX64')","Friday","0.369"
"('tart', 'OSX64')","Wednesday","0.055"
"('tart', 'OSX64')","Thursday","0.154"
"('tart', 'OSX64')","Sunday","0.042"
"('tart', 'OSX64')","Saturday","0.047"
"('tart', 'Win8')","Monday","0.029"
"('tart', 'Win8')","Tuesday","0.015"
"('tart', 'Win8')","Friday","0.017"
"('tart', 'Win8')","Wednesday","0.015"
"('tart', 'Win8')","Thursday","0.035"
"('tart', 'Win8')","Sunday","0.023"
"('tart', 'Win8')","Saturday","0.009"
"('tart', 'WinXP')","Monday","0.018"
"('tart', 'WinXP')","Tuesday","0.023"
"('tart', 'WinXP')","Friday","0.032"
"('tart', 'WinXP')","Wednesday","0.026"
"('tart', 'WinXP')","Thursday","0.040"
"('tart', 'WinXP')","Sunday","0.032"
"('tart', 'WinXP')","Saturday","0.041"
"('tart', 'Win7')","Monday","0.067"
"('tart', 'Win7')","Tuesday","0.027"
"('tart', 'Win7')","Friday","0.025"
"('tart', 'Win7')","Wednesday","0.029"
"('tart', 'Win7')","Thursday","0.061"
"('tart', 'Win7')","Sunday","0.048"
"('tart', 'Win7')","Saturday","0.019"
"('tart', 'Linux64')","Monday","0.069"
"('tart', 'Linux64')","Tuesday","0.003"
"('tart', 'Linux64')","Friday","0.013"
"('tart', 'Linux64')","Wednesday","0.003"
"('tart', 'Linux64')","Thursday","0.056"
"('tart', 'Linux64')","Sunday","0.002"
"('tart', 'Linux64')","Saturday","0.020"
"('tart', 'OSX10.8')","Monday","0.101"
"('tart', 'OSX10.8')","Tuesday","0.357"
"('tart', 'OSX10.8')","Friday","0.336"
"('tart', 'OSX10.8')","Wednesday","0.036"
"('tart', 'OSX10.8')","Thursday","0.193"
"('tart', 'OSX10.8')","Sunday","0.046"
"('tart', 'OSX10.8')","Saturday","0.052"
"('tart', 'Linux')","Monday","0.087"
"('tart', 'Linux')","Tuesday","0.013"
"('tart', 'Linux')","Friday","0.021"
"('tart', 'Linux')","Wednesday","0.016"
"('tart', 'Linux')","Thursday","0.055"
"('tart', 'Linux')","Sunday","0.006"
"('tart', 'Linux')","Saturday","0.016"
"('glterrain', 'OSX64')","Monday","0.036"
"('glterrain', 'OSX64')","Tuesday","0.038"
"('glterrain', 'OSX64')","Friday","0.196"
"('glterrain', 'OSX64')","Wednesday","0.027"
"('glterrain', 'OSX64')","Thursday","0.031"
"('glterrain', 'OSX64')","Sunday","0.031"
"('glterrain', 'OSX64')","Saturday","0.030"
"('glterrain', 'Win8')","Monday","0.005"
"('glterrain', 'Win8')","Tuesday","0.004"
"('glterrain', 'Win8')","Friday","0.005"
"('glterrain', 'Win8')","Wednesday","1.108"
"('glterrain', 'Win8')","Thursday","1.069"
"('glterrain', 'Win8')","Sunday","0.005"
"('glterrain', 'Win8')","Saturday","0.004"
"('glterrain', 'WinXP')","Monday","0.036"
"('glterrain', 'WinXP')","Tuesday","0.334"
"('glterrain', 'WinXP')","Friday","1.246"
"('glterrain', 'WinXP')","Wednesday","0.363"
"('glterrain', 'WinXP')","Thursday","0.224"
"('glterrain', 'WinXP')","Sunday","0.035"
"('glterrain', 'WinXP')","Saturday","0.194"
"('glterrain', 'Win7')","Monday","0.030"
"('glterrain', 'Win7')","Tuesday","0.038"
"('glterrain', 'Win7')","Friday","0.025"
"('glterrain', 'Win7')","Wednesday","1.911"
"('glterrain', 'Win7')","Thursday","0.021"
"('glterrain', 'Win7')","Sunday","0.021"
"('glterrain', 'Win7')","Saturday","0.020"
"('glterrain', 'Linux64')","Monday","0.120"
"('glterrain', 'Linux64')","Tuesday","0.108"
"('glterrain', 'Linux64')","Friday","1.155"
"('glterrain', 'Linux64')","Wednesday","0.061"
"('glterrain', 'Linux64')","Thursday","0.109"
"('glterrain', 'Linux64')","Sunday","0.049"
"('glterrain', 'Linux64')","Saturday","0.131"
"('glterrain', 'OSX10.8')","Monday","0.471"
"('glterrain', 'OSX10.8')","Tuesday","0.544"
"('glterrain', 'OSX10.8')","Friday","0.485"
"('glterrain', 'OSX10.8')","Wednesday","0.477"
"('glterrain', 'OSX10.8')","Thursday","0.476"
"('glterrain', 'OSX10.8')","Sunday","0.401"
"('glterrain', 'OSX10.8')","Saturday","0.339"
"('glterrain', 'Linux')","Monday","0.070"
"('glterrain', 'Linux')","Tuesday","0.063"
"('glterrain', 'Linux')","Friday","0.582"
"('glterrain', 'Linux')","Wednesday","0.064"
"('glterrain', 'Linux')","Thursday","0.106"
"('glterrain', 'Linux')","Sunday","0.044"
"('glterrain', 'Linux')","Saturday","0.448"
"('remote-trobopan', 'Android')","Monday","1672608622.955"
"('remote-trobopan', 'Android')","Tuesday","1417111543.652"
"('remote-trobopan', 'Android')","Friday","2943076948.595"
"('remote-trobopan', 'Android')","Wednesday","1316359382.168"
"('remote-trobopan', 'Android')","Thursday","4377042866.791"
"('remote-trobopan', 'Android')","Sunday","1113745987.756"
"('remote-trobopan', 'Android')","Saturday","1327410131.636"
"('cart', 'OSX64')","Monday","1.362"
"('cart', 'OSX64')","Tuesday","2.053"
"('cart', 'OSX64')","Friday","2.004"
"('cart', 'OSX64')","Wednesday","0.532"
"('cart', 'OSX64')","Thursday","1.681"
"('cart', 'OSX64')","Sunday","0.202"
"('cart', 'OSX64')","Saturday","0.579"
"('cart', 'Win8')","Monday","2.244"
"('cart', 'Win8')","Tuesday","1.560"
"('cart', 'Win8')","Friday","2.402"
"('cart', 'Win8')","Wednesday","1.376"
"('cart', 'Win8')","Thursday","1.709"
"('cart', 'Win8')","Sunday","1.062"
"('cart', 'Win8')","Saturday","0.698"
"('cart', 'WinXP')","Monday","1.520"
"('cart', 'WinXP')","Tuesday","1.294"
"('cart', 'WinXP')","Friday","2.362"
"('cart', 'WinXP')","Wednesday","1.458"
"('cart', 'WinXP')","Thursday","1.828"
"('cart', 'WinXP')","Sunday","1.992"
"('cart', 'WinXP')","Saturday","2.501"
"('cart', 'Win7')","Monday","3.103"
"('cart', 'Win7')","Tuesday","2.248"
"('cart', 'Win7')","Friday","2.318"
"('cart', 'Win7')","Wednesday","1.399"
"('cart', 'Win7')","Thursday","3.364"
"('cart', 'Win7')","Sunday","1.877"
"('cart', 'Win7')","Saturday","1.296"
"('cart', 'Linux64')","Monday","1.278"
"('cart', 'Linux64')","Tuesday","0.814"
"('cart', 'Linux64')","Friday","2.404"
"('cart', 'Linux64')","Wednesday","0.894"
"('cart', 'Linux64')","Thursday","2.125"
"('cart', 'Linux64')","Sunday","0.656"
"('cart', 'Linux64')","Saturday","0.697"
"('cart', 'OSX10.8')","Monday","1.453"
"('cart', 'OSX10.8')","Tuesday","17.436"
"('cart', 'OSX10.8')","Friday","6.570"
"('cart', 'OSX10.8')","Wednesday","1.220"
"('cart', 'OSX10.8')","Thursday","1.355"
"('cart', 'OSX10.8')","Sunday","2.222"
"('cart', 'OSX10.8')","Saturday","3.211"
"('cart', 'Linux')","Monday","1.734"
"('cart', 'Linux')","Tuesday","1.290"
"('cart', 'Linux')","Friday","2.747"
"('cart', 'Linux')","Wednesday","1.656"
"('cart', 'Linux')","Thursday","2.352"
"('cart', 'Linux')","Sunday","1.083"
"('cart', 'Linux')","Saturday","1.207"
"('remote-tp4m_nochrome', 'Android')","Monday","67639.903"
"('remote-tp4m_nochrome', 'Android')","Tuesday","1735.118"
"('remote-tp4m_nochrome', 'Android')","Friday","2465.712"
"('remote-tp4m_nochrome', 'Android')","Wednesday","2016.023"
"('remote-tp4m_nochrome', 'Android')","Thursday","5155.764"
"('remote-tp4m_nochrome', 'Android')","Sunday","920.623"
"('remote-tp4m_nochrome', 'Android')","Saturday","740.823"
"('tp5o_scroll', 'OSX64')","Monday","0.002"
"('tp5o_scroll', 'OSX64')","Tuesday","0.004"
"('tp5o_scroll', 'OSX64')","Friday","0.287"
"('tp5o_scroll', 'OSX64')","Wednesday","0.003"
"('tp5o_scroll', 'OSX64')","Thursday","0.015"
"('tp5o_scroll', 'OSX64')","Sunday","0.002"
"('tp5o_scroll', 'OSX64')","Saturday","0.002"
"('tp5o_scroll', 'Win8')","Monday","0.016"
"('tp5o_scroll', 'Win8')","Tuesday","0.017"
"('tp5o_scroll', 'Win8')","Friday","0.016"
"('tp5o_scroll', 'Win8')","Wednesday","0.016"
"('tp5o_scroll', 'Win8')","Thursday","0.015"
"('tp5o_scroll', 'Win8')","Sunday","0.011"
"('tp5o_scroll', 'Win8')","Saturday","0.012"
"('tp5o_scroll', 'WinXP')","Monday","0.005"
"('tp5o_scroll', 'WinXP')","Tuesday","0.002"
"('tp5o_scroll', 'WinXP')","Friday","0.013"
"('tp5o_scroll', 'WinXP')","Wednesday","0.002"
"('tp5o_scroll', 'WinXP')","Thursday","0.022"
"('tp5o_scroll', 'WinXP')","Sunday","0.014"
"('tp5o_scroll', 'WinXP')","Saturday","0.019"
"('tp5o_scroll', 'Win7')","Monday","0.009"
"('tp5o_scroll', 'Win7')","Tuesday","0.010"
"('tp5o_scroll', 'Win7')","Friday","0.010"
"('tp5o_scroll', 'Win7')","Wednesday","0.008"
"('tp5o_scroll', 'Win7')","Thursday","0.007"
"('tp5o_scroll', 'Win7')","Sunday","0.007"
"('tp5o_scroll', 'Win7')","Saturday","0.007"
"('tp5o_scroll', 'Linux64')","Monday","0.018"
"('tp5o_scroll', 'Linux64')","Tuesday","0.011"
"('tp5o_scroll', 'Linux64')","Friday","0.819"
"('tp5o_scroll', 'Linux64')","Wednesday","0.010"
"('tp5o_scroll', 'Linux64')","Thursday","0.009"
"('tp5o_scroll', 'Linux64')","Sunday","0.015"
"('tp5o_scroll', 'Linux64')","Saturday","0.008"
"('tp5o_scroll', 'OSX10.8')","Monday","0.249"
"('tp5o_scroll', 'OSX10.8')","Tuesday","0.122"
"('tp5o_scroll', 'OSX10.8')","Friday","0.371"
"('tp5o_scroll', 'OSX10.8')","Wednesday","0.048"
"('tp5o_scroll', 'OSX10.8')","Thursday","0.051"
"('tp5o_scroll', 'OSX10.8')","Sunday","0.001"
"('tp5o_scroll', 'OSX10.8')","Saturday","0.001"
"('tp5o_scroll', 'Linux')","Monday","0.023"
"('tp5o_scroll', 'Linux')","Tuesday","0.018"
"('tp5o_scroll', 'Linux')","Friday","0.931"
"('tp5o_scroll', 'Linux')","Wednesday","0.020"
"('tp5o_scroll', 'Linux')","Thursday","0.019"
"('tp5o_scroll', 'Linux')","Sunday","0.018"
"('tp5o_scroll', 'Linux')","Saturday","0.014"
"('dromaeo_css', 'OSX64')","Monday","4788.981"
"('dromaeo_css', 'OSX64')","Tuesday","7076.176"
"('dromaeo_css', 'OSX64')","Friday","3149.749"
"('dromaeo_css', 'OSX64')","Wednesday","2886.023"
"('dromaeo_css', 'OSX64')","Thursday","2543.848"
"('dromaeo_css', 'OSX64')","Sunday","8254.262"
"('dromaeo_css', 'OSX64')","Saturday","4895.953"
"('dromaeo_css', 'Win8')","Monday","5204.414"
"('dromaeo_css', 'Win8')","Tuesday","12027.807"
"('dromaeo_css', 'Win8')","Friday","5656.517"
"('dromaeo_css', 'Win8')","Wednesday","5084.643"
"('dromaeo_css', 'Win8')","Thursday","5177.311"
"('dromaeo_css', 'Win8')","Sunday","4668.750"
"('dromaeo_css', 'Win8')","Saturday","4661.900"
"('dromaeo_css', 'Win7')","Monday","7503.604"
"('dromaeo_css', 'Win7')","Tuesday","13851.082"
"('dromaeo_css', 'Win7')","Friday","7841.613"
"('dromaeo_css', 'Win7')","Wednesday","8442.932"
"('dromaeo_css', 'Win7')","Thursday","8478.519"
"('dromaeo_css', 'Win7')","Sunday","7981.258"
"('dromaeo_css', 'Win7')","Saturday","11633.890"
"('dromaeo_css', 'Linux64')","Monday","4564.702"
"('dromaeo_css', 'Linux64')","Tuesday","7456.790"
"('dromaeo_css', 'Linux64')","Friday","5001.304"
"('dromaeo_css', 'Linux64')","Wednesday","4845.163"
"('dromaeo_css', 'Linux64')","Thursday","4605.215"
"('dromaeo_css', 'Linux64')","Sunday","3334.223"
"('dromaeo_css', 'Linux64')","Saturday","3319.771"
"('dromaeo_css', 'OSX10.8')","Monday","61811.433"
"('dromaeo_css', 'OSX10.8')","Tuesday","82640.939"
"('dromaeo_css', 'OSX10.8')","Friday","63986.223"
"('dromaeo_css', 'OSX10.8')","Wednesday","73192.246"
"('dromaeo_css', 'OSX10.8')","Thursday","58238.472"
"('dromaeo_css', 'OSX10.8')","Sunday","32229.337"
"('dromaeo_css', 'OSX10.8')","Saturday","24053.199"
"('dromaeo_css', 'Linux')","Monday","3891.123"
"('dromaeo_css', 'Linux')","Tuesday","6547.588"
"('dromaeo_css', 'Linux')","Friday","3732.685"
"('dromaeo_css', 'Linux')","Wednesday","3665.632"
"('dromaeo_css', 'Linux')","Thursday","3368.417"
"('dromaeo_css', 'Linux')","Sunday","2461.478"
"('dromaeo_css', 'Linux')","Saturday","2991.510"
"('tscrollx', 'OSX64')","Monday","0.016"
"('tscrollx', 'OSX64')","Tuesday","0.036"
"('tscrollx', 'OSX64')","Friday","0.162"
"('tscrollx', 'OSX64')","Wednesday","0.012"
"('tscrollx', 'OSX64')","Thursday","0.032"
"('tscrollx', 'OSX64')","Sunday","0.002"
"('tscrollx', 'OSX64')","Saturday","0.011"
"('tscrollx', 'Win8')","Monday","0.013"
"('tscrollx', 'Win8')","Tuesday","0.053"
"('tscrollx', 'Win8')","Friday","0.010"
"('tscrollx', 'Win8')","Wednesday","0.007"
"('tscrollx', 'Win8')","Thursday","0.006"
"('tscrollx', 'Win8')","Sunday","0.006"
"('tscrollx', 'Win8')","Saturday","0.005"
"('tscrollx', 'WinXP')","Monday","0.087"
"('tscrollx', 'WinXP')","Tuesday","0.086"
"('tscrollx', 'WinXP')","Friday","0.087"
"('tscrollx', 'WinXP')","Wednesday","0.086"
"('tscrollx', 'WinXP')","Thursday","0.093"
"('tscrollx', 'WinXP')","Sunday","0.080"
"('tscrollx', 'WinXP')","Saturday","0.089"
"('tscrollx', 'Win7')","Monday","0.009"
"('tscrollx', 'Win7')","Tuesday","0.007"
"('tscrollx', 'Win7')","Friday","0.008"
"('tscrollx', 'Win7')","Wednesday","0.020"
"('tscrollx', 'Win7')","Thursday","0.007"
"('tscrollx', 'Win7')","Sunday","0.008"
"('tscrollx', 'Win7')","Saturday","0.008"
"('tscrollx', 'Linux64')","Monday","0.101"
"('tscrollx', 'Linux64')","Tuesday","0.026"
"('tscrollx', 'Linux64')","Friday","0.040"
"('tscrollx', 'Linux64')","Wednesday","0.019"
"('tscrollx', 'Linux64')","Thursday","0.030"
"('tscrollx', 'Linux64')","Sunday","0.010"
"('tscrollx', 'Linux64')","Saturday","0.062"
"('tscrollx', 'OSX10.8')","Monday","0.058"
"('tscrollx', 'OSX10.8')","Tuesday","0.096"
"('tscrollx', 'OSX10.8')","Friday","0.062"
"('tscrollx', 'OSX10.8')","Wednesday","0.017"
"('tscrollx', 'OSX10.8')","Thursday","0.025"
"('tscrollx', 'OSX10.8')","Sunday","0.022"
"('tscrollx', 'OSX10.8')","Saturday","0.017"
"('tscrollx', 'Linux')","Monday","0.098"
"('tscrollx', 'Linux')","Tuesday","0.004"
"('tscrollx', 'Linux')","Friday","0.007"
"('tscrollx', 'Linux')","Wednesday","0.005"
"('tscrollx', 'Linux')","Thursday","0.012"
"('tscrollx', 'Linux')","Sunday","0.044"
"('tscrollx', 'Linux')","Saturday","0.017"
"('kraken', 'OSX64')","Monday","1902.049"
"('kraken', 'OSX64')","Tuesday","13609373.873"
"('kraken', 'OSX64')","Friday","701.501"
"('kraken', 'OSX64')","Wednesday","280.397"
"('kraken', 'OSX64')","Thursday","260.990"
"('kraken', 'OSX64')","Sunday","3829.086"
"('kraken', 'OSX64')","Saturday","1683.218"
"('kraken', 'Win8')","Monday","142.777"
"('kraken', 'Win8')","Tuesday","23576946.388"
"('kraken', 'Win8')","Friday","121.826"
"('kraken', 'Win8')","Wednesday","137.831"
"('kraken', 'Win8')","Thursday","122.954"
"('kraken', 'Win8')","Sunday","98.448"
"('kraken', 'Win8')","Saturday","111.519"
"('kraken', 'Win7')","Monday","407.194"
"('kraken', 'Win7')","Tuesday","21621718.441"
"('kraken', 'Win7')","Friday","439.150"
"('kraken', 'Win7')","Wednesday","467.178"
"('kraken', 'Win7')","Thursday","464.257"
"('kraken', 'Win7')","Sunday","464.119"
"('kraken', 'Win7')","Saturday","519.244"
"('kraken', 'Linux64')","Monday","76.503"
"('kraken', 'Linux64')","Tuesday","4794126.942"
"('kraken', 'Linux64')","Friday","31.206"
"('kraken', 'Linux64')","Wednesday","35.814"
"('kraken', 'Linux64')","Thursday","38.501"
"('kraken', 'Linux64')","Sunday","165.801"
"('kraken', 'Linux64')","Saturday","29.588"
"('kraken', 'OSX10.8')","Monday","3656.935"
"('kraken', 'OSX10.8')","Tuesday","5806539.159"
"('kraken', 'OSX10.8')","Friday","1648.864"
"('kraken', 'OSX10.8')","Wednesday","1741.020"
"('kraken', 'OSX10.8')","Thursday","743.151"
"('kraken', 'OSX10.8')","Sunday","86.875"
"('kraken', 'OSX10.8')","Saturday","50.584"
"('kraken', 'Linux')","Monday","122.641"
"('kraken', 'Linux')","Tuesday","7917025.139"
"('kraken', 'Linux')","Friday","46.410"
"('kraken', 'Linux')","Wednesday","37.742"
"('kraken', 'Linux')","Thursday","66.277"
"('kraken', 'Linux')","Sunday","35.471"
"('kraken', 'Linux')","Saturday","48.697"
"('tcanvasmark', 'OSX64')","Monday","1142.691"
"('tcanvasmark', 'OSX64')","Tuesday","1132.589"
"('tcanvasmark', 'OSX64')","Friday","1370.297"
"('tcanvasmark', 'OSX64')","Wednesday","1287.380"
"('tcanvasmark', 'OSX64')","Thursday","1025.777"
"('tcanvasmark', 'OSX64')","Sunday","980.572"
"('tcanvasmark', 'OSX64')","Saturday","1329.175"
"('tcanvasmark', 'Win8')","Monday","6753.053"
"('tcanvasmark', 'Win8')","Tuesday","5514.896"
"('tcanvasmark', 'Win8')","Friday","6027.482"
"('tcanvasmark', 'Win8')","Wednesday","28106.402"
"('tcanvasmark', 'Win8')","Thursday","6332.608"
"('tcanvasmark', 'Win8')","Sunday","5070.750"
"('tcanvasmark', 'Win8')","Saturday","5526.509"
"('tcanvasmark', 'WinXP')","Monday","13230.540"
"('tcanvasmark', 'WinXP')","Tuesday","5485.665"
"('tcanvasmark', 'WinXP')","Friday","7854.428"
"('tcanvasmark', 'WinXP')","Wednesday","15990.586"
"('tcanvasmark', 'WinXP')","Thursday","9143.234"
"('tcanvasmark', 'WinXP')","Sunday","10199.533"
"('tcanvasmark', 'WinXP')","Saturday","9971.996"
"('tcanvasmark', 'Win7')","Monday","7517.172"
"('tcanvasmark', 'Win7')","Tuesday","7941.305"
"('tcanvasmark', 'Win7')","Friday","8024.126"
"('tcanvasmark', 'Win7')","Wednesday","7586.814"
"('tcanvasmark', 'Win7')","Thursday","9542.894"
"('tcanvasmark', 'Win7')","Sunday","7369.290"
"('tcanvasmark', 'Win7')","Saturday","7314.934"
"('tcanvasmark', 'Linux64')","Monday","9117.606"
"('tcanvasmark', 'Linux64')","Tuesday","8682.524"
"('tcanvasmark', 'Linux64')","Friday","9639.034"
"('tcanvasmark', 'Linux64')","Wednesday","8793.247"
"('tcanvasmark', 'Linux64')","Thursday","8631.381"
"('tcanvasmark', 'Linux64')","Sunday","12749.863"
"('tcanvasmark', 'Linux64')","Saturday","8467.228"
"('tcanvasmark', 'OSX10.8')","Monday","42077.520"
"('tcanvasmark', 'OSX10.8')","Tuesday","64217.572"
"('tcanvasmark', 'OSX10.8')","Friday","45490.951"
"('tcanvasmark', 'OSX10.8')","Wednesday","63672.216"
"('tcanvasmark', 'OSX10.8')","Thursday","101422.732"
"('tcanvasmark', 'OSX10.8')","Sunday","13844.573"
"('tcanvasmark', 'OSX10.8')","Saturday","34216.426"
"('tcanvasmark', 'Linux')","Monday","5345.438"
"('tcanvasmark', 'Linux')","Tuesday","4322.962"
"('tcanvasmark', 'Linux')","Friday","5353.390"
"('tcanvasmark', 'Linux')","Wednesday","4674.928"
"('tcanvasmark', 'Linux')","Thursday","4518.706"
"('tcanvasmark', 'Linux')","Sunday","2762.162"
"('tcanvasmark', 'Linux')","Saturday","2944.367"
"('tsvgx', 'OSX64')","Monday","118.925"
"('tsvgx', 'OSX64')","Tuesday","160.415"
"('tsvgx', 'OSX64')","Friday","359.528"
"('tsvgx', 'OSX64')","Wednesday","176.965"
"('tsvgx', 'OSX64')","Thursday","240.313"
"('tsvgx', 'OSX64')","Sunday","75.660"
"('tsvgx', 'OSX64')","Saturday","166.461"
"('tsvgx', 'Win8')","Monday","43.653"
"('tsvgx', 'Win8')","Tuesday","440.561"
"('tsvgx', 'Win8')","Friday","89.382"
"('tsvgx', 'Win8')","Wednesday","46.335"
"('tsvgx', 'Win8')","Thursday","49.154"
"('tsvgx', 'Win8')","Sunday","38.911"
"('tsvgx', 'Win8')","Saturday","37.521"
"('tsvgx', 'WinXP')","Monday","395.401"
"('tsvgx', 'WinXP')","Tuesday","553.022"
"('tsvgx', 'WinXP')","Friday","583.372"
"('tsvgx', 'WinXP')","Wednesday","566.301"
"('tsvgx', 'WinXP')","Thursday","445.013"
"('tsvgx', 'WinXP')","Sunday","475.957"
"('tsvgx', 'WinXP')","Saturday","548.764"
"('tsvgx', 'Win7')","Monday","37.865"
"('tsvgx', 'Win7')","Tuesday","43.251"
"('tsvgx', 'Win7')","Friday","33.835"
"('tsvgx', 'Win7')","Wednesday","39.873"
"('tsvgx', 'Win7')","Thursday","34.838"
"('tsvgx', 'Win7')","Sunday","44.351"
"('tsvgx', 'Win7')","Saturday","47.188"
"('tsvgx', 'Linux64')","Monday","51.839"
"('tsvgx', 'Linux64')","Tuesday","51.318"
"('tsvgx', 'Linux64')","Friday","48.849"
"('tsvgx', 'Linux64')","Wednesday","21.139"
"('tsvgx', 'Linux64')","Thursday","68.175"
"('tsvgx', 'Linux64')","Sunday","14.986"
"('tsvgx', 'Linux64')","Saturday","78.657"
"('tsvgx', 'OSX10.8')","Monday","368.822"
"('tsvgx', 'OSX10.8')","Tuesday","1042.617"
"('tsvgx', 'OSX10.8')","Friday","43697.288"
"('tsvgx', 'OSX10.8')","Wednesday","208.429"
"('tsvgx', 'OSX10.8')","Thursday","276.487"
"('tsvgx', 'OSX10.8')","Sunday","240.267"
"('tsvgx', 'OSX10.8')","Saturday","289.543"
"('tsvgx', 'Linux')","Monday","33.172"
"('tsvgx', 'Linux')","Tuesday","81.523"
"('tsvgx', 'Linux')","Friday","34.370"
"('tsvgx', 'Linux')","Wednesday","28.517"
"('tsvgx', 'Linux')","Thursday","55.202"
"('tsvgx', 'Linux')","Sunday","34.484"
"('tsvgx', 'Linux')","Saturday","26.804"
"('tsvgx', 'Android')","Monday","42330.038"
"('tsvgx', 'Android')","Tuesday","23581.080"
"('tsvgx', 'Android')","Friday","40459.402"
"('tsvgx', 'Android')","Wednesday","21649.961"
"('tsvgx', 'Android')","Thursday","28009.840"
"('tsvgx', 'Android')","Sunday","33115.865"
"('tsvgx', 'Android')","Saturday","10710.014"
"('sessionrestore', 'OSX64')","Monday","286.476"
"('sessionrestore', 'OSX64')","Tuesday","212.085"
"('sessionrestore', 'OSX64')","Friday","180.465"
"('sessionrestore', 'OSX64')","Wednesday","130.096"
"('sessionrestore', 'OSX64')","Thursday","235.733"
"('sessionrestore', 'OSX64')","Sunday","82.848"
"('sessionrestore', 'OSX64')","Saturday","103.767"
"('sessionrestore', 'Win8')","Monday","450.798"
"('sessionrestore', 'Win8')","Tuesday","286.061"
"('sessionrestore', 'Win8')","Friday","299.378"
"('sessionrestore', 'Win8')","Wednesday","290.937"
"('sessionrestore', 'Win8')","Thursday","297.618"
"('sessionrestore', 'Win8')","Sunday","184.063"
"('sessionrestore', 'Win8')","Saturday","287.831"
"('sessionrestore', 'WinXP')","Monday","1184.701"
"('sessionrestore', 'WinXP')","Tuesday","845.236"
"('sessionrestore', 'WinXP')","Friday","117.734"
"('sessionrestore', 'WinXP')","Wednesday","1728.110"
"('sessionrestore', 'WinXP')","Thursday","119.617"
"('sessionrestore', 'WinXP')","Sunday","47.972"
"('sessionrestore', 'WinXP')","Saturday","54.027"
"('sessionrestore', 'Win7')","Monday","336.194"
"('sessionrestore', 'Win7')","Tuesday","290.879"
"('sessionrestore', 'Win7')","Friday","334.336"
"('sessionrestore', 'Win7')","Wednesday","323.839"
"('sessionrestore', 'Win7')","Thursday","351.605"
"('sessionrestore', 'Win7')","Sunday","209.090"
"('sessionrestore', 'Win7')","Saturday","450.457"
"('sessionrestore', 'Linux64')","Monday","1623.813"
"('sessionrestore', 'Linux64')","Tuesday","1615.246"
"('sessionrestore', 'Linux64')","Friday","198.577"
"('sessionrestore', 'Linux64')","Wednesday","214.295"
"('sessionrestore', 'Linux64')","Thursday","1185.300"
"('sessionrestore', 'Linux64')","Sunday","139.363"
"('sessionrestore', 'Linux64')","Saturday","121.933"
"('sessionrestore', 'OSX10.8')","Monday","1976.831"
"('sessionrestore', 'OSX10.8')","Tuesday","4911.971"
"('sessionrestore', 'OSX10.8')","Friday","2257.387"
"('sessionrestore', 'OSX10.8')","Wednesday","4902.969"
"('sessionrestore', 'OSX10.8')","Thursday","2041.436"
"('sessionrestore', 'OSX10.8')","Sunday","647.916"
"('sessionrestore', 'OSX10.8')","Saturday","1842.686"
"('sessionrestore', 'Linux')","Monday","2052.250"
"('sessionrestore', 'Linux')","Tuesday","1821.658"
"('sessionrestore', 'Linux')","Friday","214.723"
"('sessionrestore', 'Linux')","Wednesday","263.972"
"('sessionrestore', 'Linux')","Thursday","2120.135"
"('sessionrestore', 'Linux')","Sunday","147.186"
"('sessionrestore', 'Linux')","Saturday","115.714"
